Index,Date,Time,Open,High,Low,Close,Volume,Source
NIFTY,2025-10-28,09:00:00,24837.06,24840.29,24823.90,24834.05,4158323,Simulated
NIFTY,2025-10-28,09:01:00,24841.56,24860.94,24833.95,24842.22,5459724,Simulated
NIFTY,2025-10-28,09:02:00,24834.63,24844.75,24835.86,24842.45,4259153,Simulated
NIFTY,2025-10-28,09:03:00,24821.24,24820.96,24815.36,24815.65,3368055,Simulated
NIFTY,2025-10-28,09:04:00,24844.88,24867.24,24840.90,24849.73,4938811,Simulated
NIFTY,2025-10-28,09:05:00,24874.67,24877.61,24869.40,24870.26,3925636,Simulated
NIFTY,2025-10-28,09:06:00,24866.61,24883.53,24867.16,24871.01,5529831,Simulated
NIFTY,2025-10-28,09:07:00,24886.93,24880.21,24852.25,24879.83,2958604,Simulated
NIFTY,2025-10-28,09:08:00,24890.31,24900.68,24878.56,24884.29,4431964,Simulated
NIFTY,2025-10-28,09:09:00,24891.58,24898.97,24887.95,24891.38,2189481,Simulated
NIFTY,2025-10-28,09:10:00,24926.80,24925.00,24912.36,24918.23,2017297,Simulated
NIFTY,2025-10-28,09:11:00,24921.66,24929.78,24923.78,24927.94,5082696,Simulated
NIFTY,2025-10-28,09:12:00,24899.26,24917.69,24899.43,24900.44,2622922,Simulated
NIFTY,2025-10-28,09:13:00,24917.29,24920.57,24917.58,24920.49,1913495,Simulated
NIFTY,2025-10-28,09:14:00,24938.71,24944.12,24918.53,24938.01,2530370,Simulated
NIFTY,2025-10-28,09:15:00,24938.32,24941.38,24934.96,24940.78,4287392,Simulated
NIFTY,2025-10-28,09:16:00,24954.97,24971.09,24949.75,24958.36,4992764,Simulated
NIFTY,2025-10-28,09:17:00,24975.91,24987.87,24969.93,24981.72,2802439,Simulated
NIFTY,2025-10-28,09:18:00,25006.55,25018.55,25006.71,25011.67,4740460,Simulated
NIFTY,2025-10-28,09:19:00,25018.40,25033.53,25015.29,25017.78,3597093,Simulated
NIFTY,2025-10-28,09:20:00,25008.94,25001.78,24986.70,24998.03,4842015,Simulated
NIFTY,2025-10-28,09:21:00,24998.42,25010.44,24996.87,24996.95,1628730,Simulated
NIFTY,2025-10-28,09:22:00,25006.02,25001.79,24993.26,25000.44,1219058,Simulated
NIFTY,2025-10-28,09:23:00,25041.77,25045.87,25031.42,25043.25,4043071,Simulated
NIFTY,2025-10-28,09:24:00,25023.45,25034.31,25012.88,25028.12,2402291,Simulated
NIFTY,2025-10-28,09:25:00,25039.29,25048.67,25034.63,25035.40,1689359,Simulated
NIFTY,2025-10-28,09:26:00,25042.47,25054.90,25030.23,25042.22,1850377,Simulated
NIFTY,2025-10-28,09:27:00,25050.17,25073.34,25045.25,25047.84,4400917,Simulated
NIFTY,2025-10-28,09:28:00,25001.68,25004.46,24988.62,25001.80,2231372,Simulated
NIFTY,2025-10-28,09:29:00,25066.68,25070.92,25059.97,25062.17,2610097,Simulated
NIFTY,2025-10-28,09:30:00,25015.01,25038.19,25016.93,25022.24,1352401,Simulated
NIFTY,2025-10-28,09:31:00,25031.63,25036.15,25019.72,25027.70,2988788,Simulated
NIFTY,2025-10-28,09:32:00,25049.36,25057.44,25045.20,25056.45,5419124,Simulated
NIFTY,2025-10-28,09:33:00,25065.50,25059.46,25039.77,25053.47,2595573,Simulated
NIFTY,2025-10-28,09:34:00,25060.12,25063.87,25056.75,25061.07,3168841,Simulated
NIFTY,2025-10-28,09:35:00,25072.05,25079.88,25054.51,25066.30,1877826,Simulated
NIFTY,2025-10-28,09:36:00,25072.80,25085.70,25065.02,25070.34,1998082,Simulated
NIFTY,2025-10-28,09:37:00,25028.90,25026.20,24999.90,25026.04,1581447,Simulated
NIFTY,2025-10-28,09:38:00,25068.26,25081.68,25059.75,25075.08,2441724,Simulated
NIFTY,2025-10-28,09:39:00,25068.06,25086.38,25062.64,25066.69,3329176,Simulated
NIFTY,2025-10-28,09:40:00,25006.22,25020.66,25004.51,25016.90,3971320,Simulated
NIFTY,2025-10-28,09:41:00,25013.32,25022.01,25006.03,25015.13,4027943,Simulated
NIFTY,2025-10-28,09:42:00,24960.67,24963.79,24955.69,24959.80,1438570,Simulated
NIFTY,2025-10-28,09:43:00,24960.13,24967.18,24948.16,24962.13,3979246,Simulated
NIFTY,2025-10-28,09:44:00,24955.18,24964.55,24952.66,24958.31,5557708,Simulated
NIFTY,2025-10-28,09:45:00,24955.40,24987.40,24961.38,24966.38,4739981,Simulated
NIFTY,2025-10-28,09:46:00,25032.35,25045.45,25029.19,25030.71,4525995,Simulated
NIFTY,2025-10-28,09:47:00,25013.73,25032.15,25008.07,25014.35,4474355,Simulated
NIFTY,2025-10-28,09:48:00,24958.00,24968.92,24958.61,24962.33,4818828,Simulated
NIFTY,2025-10-28,09:49:00,24946.70,24944.08,24940.34,24943.99,3087283,Simulated
NIFTY,2025-10-28,09:50:00,24930.75,24937.71,24923.89,24931.80,5211787,Simulated
NIFTY,2025-10-28,09:51:00,24940.10,24945.69,24923.58,24936.16,1144378,Simulated
NIFTY,2025-10-28,09:52:00,24955.48,24959.50,24933.22,24953.10,3531740,Simulated
NIFTY,2025-10-28,09:53:00,24941.94,24945.97,24929.68,24941.15,2753681,Simulated
NIFTY,2025-10-28,09:54:00,24942.46,24955.78,24947.00,24947.08,5247761,Simulated
NIFTY,2025-10-28,09:55:00,24962.15,24977.35,24958.48,24963.34,3302800,Simulated
NIFTY,2025-10-28,09:56:00,24947.86,24972.33,24950.94,24952.14,5890392,Simulated
NIFTY,2025-10-28,09:57:00,24942.32,24948.52,24946.04,24946.62,5924265,Simulated
NIFTY,2025-10-28,09:58:00,24987.99,24989.29,24981.55,24984.90,5940557,Simulated
NIFTY,2025-10-28,09:59:00,24982.53,24988.31,24963.47,24984.76,3686254,Simulated
NIFTY,2025-10-28,10:00:00,24951.73,24957.77,24934.86,24951.30,1277864,Simulated
NIFTY,2025-10-28,10:01:00,24923.75,24930.90,24903.08,24918.61,1769235,Simulated
NIFTY,2025-10-28,10:02:00,24951.35,24959.00,24948.45,24950.05,2411765,Simulated
NIFTY,2025-10-28,10:03:00,24896.28,24907.44,24892.27,24895.17,5401657,Simulated
NIFTY,2025-10-28,10:04:00,24913.71,24908.95,24905.56,24907.05,2470183,Simulated
NIFTY,2025-10-28,10:05:00,24931.24,24932.13,24925.17,24925.79,4537874,Simulated
NIFTY,2025-10-28,10:06:00,24945.22,24941.14,24940.47,24940.94,3211250,Simulated
NIFTY,2025-10-28,10:07:00,24903.37,24921.84,24885.70,24910.41,4488758,Simulated
NIFTY,2025-10-28,10:08:00,24885.39,24897.03,24878.76,24887.64,2340438,Simulated
NIFTY,2025-10-28,10:09:00,24888.66,24885.34,24873.38,24877.20,3513705,Simulated
NIFTY,2025-10-28,10:10:00,24877.42,24879.99,24861.65,24878.59,5754444,Simulated
NIFTY,2025-10-28,10:11:00,24872.69,24880.11,24861.79,24863.55,1940728,Simulated
NIFTY,2025-10-28,10:12:00,24866.29,24867.20,24839.25,24864.60,4474421,Simulated
NIFTY,2025-10-28,10:13:00,24919.77,24945.94,24922.94,24927.81,5330249,Simulated
NIFTY,2025-10-28,10:14:00,24886.17,24901.03,24879.53,24881.44,5584930,Simulated
NIFTY,2025-10-28,10:15:00,24879.34,24881.63,24871.69,24878.42,5146958,Simulated
NIFTY,2025-10-28,10:16:00,24865.63,24879.64,24852.81,24867.31,3195872,Simulated
NIFTY,2025-10-28,10:17:00,24838.75,24852.88,24837.11,24846.61,3818086,Simulated
NIFTY,2025-10-28,10:18:00,24863.10,24867.09,24858.75,24862.75,4581239,Simulated
NIFTY,2025-10-28,10:19:00,24874.43,24886.60,24859.54,24876.70,2377372,Simulated
NIFTY,2025-10-28,10:20:00,24864.80,24876.43,24857.68,24868.16,3178647,Simulated
NIFTY,2025-10-28,10:21:00,24844.65,24852.18,24846.30,24850.37,4285457,Simulated
NIFTY,2025-10-28,10:22:00,24816.85,24827.36,24815.54,24817.90,5151327,Simulated
NIFTY,2025-10-28,10:23:00,24800.71,24819.82,24791.98,24807.16,5123228,Simulated
NIFTY,2025-10-28,10:24:00,24839.66,24835.04,24834.58,24834.79,4690747,Simulated
NIFTY,2025-10-28,10:25:00,24833.42,24831.54,24823.11,24827.00,5036021,Simulated
NIFTY,2025-10-28,10:26:00,24838.64,24844.54,24836.00,24838.68,3055640,Simulated
NIFTY,2025-10-28,10:27:00,24821.52,24825.74,24804.01,24818.70,4746432,Simulated
NIFTY,2025-10-28,10:28:00,24853.33,24858.68,24851.65,24854.88,2000624,Simulated
NIFTY,2025-10-28,10:29:00,24839.09,24844.14,24824.20,24837.92,5133304,Simulated
NIFTY,2025-10-28,10:30:00,24851.87,24863.13,24843.47,24849.09,3297444,Simulated
NIFTY,2025-10-28,10:31:00,24808.87,24815.65,24798.88,24812.64,1171324,Simulated
NIFTY,2025-10-28,10:32:00,24794.32,24798.95,24787.18,24798.67,5781872,Simulated
NIFTY,2025-10-28,10:33:00,24821.29,24822.09,24816.26,24819.79,2839483,Simulated
NIFTY,2025-10-28,10:34:00,24782.74,24802.16,24780.38,24786.89,5585646,Simulated
NIFTY,2025-10-28,10:35:00,24760.86,24766.00,24759.99,24763.26,2876314,Simulated
NIFTY,2025-10-28,10:36:00,24813.58,24808.99,24801.10,24808.27,4641519,Simulated
NIFTY,2025-10-28,10:37:00,24775.02,24792.33,24772.67,24776.34,1041786,Simulated
NIFTY,2025-10-28,10:38:00,24788.55,24804.19,24785.06,24790.97,4761822,Simulated
NIFTY,2025-10-28,10:39:00,24803.82,24814.32,24805.11,24811.27,3676445,Simulated
NIFTY,2025-10-28,10:40:00,24828.79,24846.03,24826.39,24827.31,5151850,Simulated
NIFTY,2025-10-28,10:41:00,24851.90,24857.88,24837.96,24847.51,4188862,Simulated
NIFTY,2025-10-28,10:42:00,24872.65,24879.89,24851.16,24876.09,4592202,Simulated
NIFTY,2025-10-28,10:43:00,24897.30,24911.74,24888.34,24901.30,3985151,Simulated
NIFTY,2025-10-28,10:44:00,24886.09,24892.63,24877.99,24882.29,1881249,Simulated
NIFTY,2025-10-28,10:45:00,24855.76,24876.17,24846.15,24858.10,4766457,Simulated
NIFTY,2025-10-28,10:46:00,24882.92,24896.70,24882.92,24889.60,1464037,Simulated
NIFTY,2025-10-28,10:47:00,24886.10,24892.46,24881.58,24884.97,4068612,Simulated
NIFTY,2025-10-28,10:48:00,24906.46,24906.90,24900.63,24905.83,3757072,Simulated
NIFTY,2025-10-28,10:49:00,24877.80,24883.26,24864.81,24879.84,1903718,Simulated
NIFTY,2025-10-28,10:50:00,24906.72,24905.77,24892.24,24902.05,2202704,Simulated
NIFTY,2025-10-28,10:51:00,24921.12,24927.91,24922.20,24923.73,4157796,Simulated
NIFTY,2025-10-28,10:52:00,24989.55,25004.77,24978.97,24992.47,2706222,Simulated
NIFTY,2025-10-28,10:53:00,24999.34,25014.36,24997.83,25012.96,2189442,Simulated
NIFTY,2025-10-28,10:54:00,25018.31,25036.73,25001.25,25015.27,2930345,Simulated
NIFTY,2025-10-28,10:55:00,25009.87,25015.46,25007.95,25011.23,3422483,Simulated
NIFTY,2025-10-28,10:56:00,24973.93,24975.17,24966.55,24971.64,3696774,Simulated
NIFTY,2025-10-28,10:57:00,24966.09,24964.85,24951.26,24957.55,4076266,Simulated
NIFTY,2025-10-28,10:58:00,24945.91,24953.52,24934.26,24940.03,1677293,Simulated
NIFTY,2025-10-28,10:59:00,24980.81,24979.33,24970.69,24974.94,3786807,Simulated
NIFTY,2025-10-28,11:00:00,24966.52,24967.90,24963.00,24967.60,5920750,Simulated
NIFTY,2025-10-28,11:01:00,24975.26,24987.87,24976.05,24982.38,4853375,Simulated
NIFTY,2025-10-28,11:02:00,24978.76,24990.48,24980.64,24989.81,3435172,Simulated
NIFTY,2025-10-28,11:03:00,25009.62,25009.02,24999.71,25008.12,3544050,Simulated
NIFTY,2025-10-28,11:04:00,25019.78,25024.42,25015.19,25022.72,1355908,Simulated
NIFTY,2025-10-28,11:05:00,25001.90,25018.85,24999.13,25003.84,4435945,Simulated
NIFTY,2025-10-28,11:06:00,25023.71,25021.12,25009.64,25018.86,1972752,Simulated
NIFTY,2025-10-28,11:07:00,25001.16,25001.89,24995.46,24999.32,3935192,Simulated
NIFTY,2025-10-28,11:08:00,24939.76,24947.74,24941.97,24944.73,4354835,Simulated
NIFTY,2025-10-28,11:09:00,24963.62,24964.52,24955.70,24957.41,3898732,Simulated
NIFTY,2025-10-28,11:10:00,25032.51,25039.94,25020.52,25030.40,5846793,Simulated
NIFTY,2025-10-28,11:11:00,24972.45,24968.91,24963.19,24963.85,2905964,Simulated
NIFTY,2025-10-28,11:12:00,24960.03,24956.86,24951.34,24956.23,4004892,Simulated
NIFTY,2025-10-28,11:13:00,24941.06,24951.94,24949.16,24951.59,3783441,Simulated
NIFTY,2025-10-28,11:14:00,24964.72,24971.26,24937.50,24958.05,2737288,Simulated
NIFTY,2025-10-28,11:15:00,24968.22,24971.27,24947.34,24958.40,4376925,Simulated
NIFTY,2025-10-28,11:16:00,24983.46,24983.07,24972.59,24979.14,1828028,Simulated
NIFTY,2025-10-28,11:17:00,24963.46,24966.57,24950.84,24956.88,2432507,Simulated
NIFTY,2025-10-28,11:18:00,24970.94,24967.91,24951.95,24964.34,3779207,Simulated
NIFTY,2025-10-28,11:19:00,24999.26,25007.47,24986.05,24996.05,3780785,Simulated
NIFTY,2025-10-28,11:20:00,25028.13,25045.74,25028.99,25030.16,4205037,Simulated
NIFTY,2025-10-28,11:21:00,25000.36,25023.10,25008.14,25008.70,5131371,Simulated
NIFTY,2025-10-28,11:22:00,24985.62,24983.01,24972.76,24980.58,1440359,Simulated
NIFTY,2025-10-28,11:23:00,24997.12,24997.47,24978.12,24992.44,2207597,Simulated
NIFTY,2025-10-28,11:24:00,25010.34,25015.69,24989.26,25014.98,3968124,Simulated
NIFTY,2025-10-28,11:25:00,25045.52,25054.40,25029.63,25037.28,5581093,Simulated
NIFTY,2025-10-28,11:26:00,25044.50,25066.05,25043.80,25048.17,1394077,Simulated
NIFTY,2025-10-28,11:27:00,25072.50,25086.43,25070.48,25079.74,3241091,Simulated
NIFTY,2025-10-28,11:28:00,25084.84,25101.86,25076.71,25082.75,3951296,Simulated
NIFTY,2025-10-28,11:29:00,25129.62,25140.59,25099.14,25125.93,1241199,Simulated
NIFTY,2025-10-28,11:30:00,25131.00,25154.54,25124.68,25128.70,5805816,Simulated
NIFTY,2025-10-28,11:31:00,25088.45,25101.82,25088.91,25096.85,3026952,Simulated
NIFTY,2025-10-28,11:32:00,25074.15,25083.93,25074.84,25077.19,1169143,Simulated
NIFTY,2025-10-28,11:33:00,25067.68,25071.38,25059.98,25067.74,3589095,Simulated
NIFTY,2025-10-28,11:34:00,25094.55,25102.36,25086.89,25094.59,2783710,Simulated
NIFTY,2025-10-28,11:35:00,25095.31,25105.76,25088.06,25090.69,2096808,Simulated
NIFTY,2025-10-28,11:36:00,25074.66,25078.70,25063.84,25071.62,5910982,Simulated
NIFTY,2025-10-28,11:37:00,25095.16,25099.20,25071.05,25085.12,2526991,Simulated
NIFTY,2025-10-28,11:38:00,25084.49,25098.59,25072.77,25088.14,3666332,Simulated
NIFTY,2025-10-28,11:39:00,25122.62,25120.83,25100.82,25118.15,1387558,Simulated
NIFTY,2025-10-28,11:40:00,25100.96,25109.62,25082.52,25093.16,5592649,Simulated
NIFTY,2025-10-28,11:41:00,25055.00,25088.87,25059.40,25059.46,2496215,Simulated
NIFTY,2025-10-28,11:42:00,25087.37,25093.14,25076.85,25088.59,4949148,Simulated
NIFTY,2025-10-28,11:43:00,25100.38,25096.51,25084.00,25093.10,4923640,Simulated
NIFTY,2025-10-28,11:44:00,25111.35,25112.14,25108.91,25111.62,5567116,Simulated
NIFTY,2025-10-28,11:45:00,25121.68,25132.39,25131.26,25131.31,2393091,Simulated
NIFTY,2025-10-28,11:46:00,25120.95,25126.56,25115.75,25124.87,1883192,Simulated
NIFTY,2025-10-28,11:47:00,25078.82,25087.43,25077.19,25084.86,3332208,Simulated
NIFTY,2025-10-28,11:48:00,25033.21,25051.22,25025.66,25033.87,2099041,Simulated
NIFTY,2025-10-28,11:49:00,25042.07,25044.44,25034.59,25037.70,4507000,Simulated
NIFTY,2025-10-28,11:50:00,25047.39,25046.63,25038.41,25041.87,3054681,Simulated
NIFTY,2025-10-28,11:51:00,25051.61,25049.41,25044.87,25047.35,1108287,Simulated
NIFTY,2025-10-28,11:52:00,25047.34,25049.51,25032.67,25044.15,4260070,Simulated
NIFTY,2025-10-28,11:53:00,25030.17,25039.42,25033.46,25035.50,3253501,Simulated
NIFTY,2025-10-28,11:54:00,25049.86,25060.36,25043.79,25052.85,4119915,Simulated
NIFTY,2025-10-28,11:55:00,25080.62,25088.68,25071.38,25079.72,4922637,Simulated
NIFTY,2025-10-28,11:56:00,25102.80,25110.01,25102.86,25106.78,4759684,Simulated
NIFTY,2025-10-28,11:57:00,25068.12,25061.46,25042.54,25059.85,1364069,Simulated
NIFTY,2025-10-28,11:58:00,25047.63,25057.23,25044.23,25048.60,2955788,Simulated
NIFTY,2025-10-28,11:59:00,25015.76,25022.79,25010.29,25020.42,4433881,Simulated
NIFTY,2025-10-28,12:00:00,25029.83,25029.49,25019.64,25028.06,2689629,Simulated
NIFTY,2025-10-28,12:01:00,24999.28,25030.44,24995.90,25006.85,4427183,Simulated
NIFTY,2025-10-28,12:02:00,25038.65,25034.88,25026.92,25030.34,5708918,Simulated
NIFTY,2025-10-28,12:03:00,24988.81,25011.97,24993.13,24996.60,5346730,Simulated
NIFTY,2025-10-28,12:04:00,24950.74,24957.37,24935.26,24944.05,5345382,Simulated
NIFTY,2025-10-28,12:05:00,24973.48,24982.04,24973.42,24974.67,1097291,Simulated
NIFTY,2025-10-28,12:06:00,24966.23,24978.63,24952.73,24967.63,3209022,Simulated
NIFTY,2025-10-28,12:07:00,24968.94,24985.19,24968.61,24972.13,1444091,Simulated
NIFTY,2025-10-28,12:08:00,24997.94,25011.54,24992.95,24997.30,5476539,Simulated
NIFTY,2025-10-28,12:09:00,25019.37,25029.30,25024.55,25025.62,5770194,Simulated
NIFTY,2025-10-28,12:10:00,25019.69,25020.19,25018.11,25019.20,4878559,Simulated
NIFTY,2025-10-28,12:11:00,25003.58,25009.36,24999.02,25001.46,5942859,Simulated
NIFTY,2025-10-28,12:12:00,24992.86,25009.68,25000.59,25003.89,1761227,Simulated
NIFTY,2025-10-28,12:13:00,25017.13,25025.08,25004.77,25009.77,1713777,Simulated
NIFTY,2025-10-28,12:14:00,25007.29,25012.64,25001.83,25007.67,5579963,Simulated
NIFTY,2025-10-28,12:15:00,24987.69,24982.15,24978.85,24981.27,3605021,Simulated
NIFTY,2025-10-28,12:16:00,24956.31,24965.42,24943.41,24963.64,4749341,Simulated
NIFTY,2025-10-28,12:17:00,24984.20,24993.15,24976.93,24982.64,1485305,Simulated
NIFTY,2025-10-28,12:18:00,25012.84,25017.55,25011.50,25013.78,1676541,Simulated
NIFTY,2025-10-28,12:19:00,24996.89,24999.45,24989.92,24997.15,3428008,Simulated
NIFTY,2025-10-28,12:20:00,25013.37,25023.89,25017.48,25017.89,3149432,Simulated
NIFTY,2025-10-28,12:21:00,25036.36,25032.37,25028.45,25030.83,1682514,Simulated
NIFTY,2025-10-28,12:22:00,25005.23,25007.49,24997.26,24999.49,3808838,Simulated
NIFTY,2025-10-28,12:23:00,25038.84,25060.05,25039.76,25046.07,1785538,Simulated
NIFTY,2025-10-28,12:24:00,25046.19,25061.94,25043.41,25050.24,4917439,Simulated
NIFTY,2025-10-28,12:25:00,25026.68,25034.09,24996.08,25018.16,2506508,Simulated
NIFTY,2025-10-28,12:26:00,25012.52,25014.59,24993.96,25007.65,3869601,Simulated
NIFTY,2025-10-28,12:27:00,25019.99,25018.46,25006.27,25014.91,4297137,Simulated
NIFTY,2025-10-28,12:28:00,25015.91,25027.67,25019.21,25019.77,4873208,Simulated
NIFTY,2025-10-28,12:29:00,25019.49,25024.05,25023.17,25023.70,5132177,Simulated
NIFTY,2025-10-28,12:30:00,25002.35,25024.10,24993.88,24995.51,2945276,Simulated
NIFTY,2025-10-28,12:31:00,24964.31,24984.42,24959.20,24965.50,3533489,Simulated
NIFTY,2025-10-28,12:32:00,24947.82,24959.21,24951.75,24958.70,2136701,Simulated
NIFTY,2025-10-28,12:33:00,24988.69,25009.70,24981.04,24991.85,5084626,Simulated
NIFTY,2025-10-28,12:34:00,24955.09,24959.49,24958.40,24958.64,3836893,Simulated
NIFTY,2025-10-28,12:35:00,24991.29,25000.00,24966.26,24989.61,3067975,Simulated
NIFTY,2025-10-28,12:36:00,25004.57,25010.90,24985.06,25005.67,2623154,Simulated
NIFTY,2025-10-28,12:37:00,25018.37,25017.79,25005.60,25015.86,4769178,Simulated
NIFTY,2025-10-28,12:38:00,25009.09,25010.03,24992.68,25005.51,3724129,Simulated
NIFTY,2025-10-28,12:39:00,25001.83,25014.35,25002.76,25007.04,3109397,Simulated
NIFTY,2025-10-28,12:40:00,25012.45,25017.73,24994.71,25008.34,2441196,Simulated
NIFTY,2025-10-28,12:41:00,25021.62,25024.47,25020.76,25021.96,2002931,Simulated
NIFTY,2025-10-28,12:42:00,25021.33,25029.34,25028.36,25029.25,1423906,Simulated
NIFTY,2025-10-28,12:43:00,25043.31,25050.02,25019.10,25041.13,1634304,Simulated
NIFTY,2025-10-28,12:44:00,25061.62,25069.70,25056.64,25061.68,2320974,Simulated
NIFTY,2025-10-28,12:45:00,25011.53,25010.98,25000.36,25001.74,2958969,Simulated
NIFTY,2025-10-28,12:46:00,24978.13,24981.78,24973.87,24981.65,2130938,Simulated
NIFTY,2025-10-28,12:47:00,25010.34,25013.30,24996.04,25012.77,1929918,Simulated
NIFTY,2025-10-28,12:48:00,25014.54,25019.31,25008.49,25012.12,3034457,Simulated
NIFTY,2025-10-28,12:49:00,24956.78,24982.41,24953.64,24959.69,2351997,Simulated
NIFTY,2025-10-28,12:50:00,24988.34,24988.74,24979.98,24985.80,1358266,Simulated
NIFTY,2025-10-28,12:51:00,24973.89,24985.33,24969.84,24973.48,4528860,Simulated
NIFTY,2025-10-28,12:52:00,24953.11,24954.67,24941.69,24949.67,2267099,Simulated
NIFTY,2025-10-28,12:53:00,24941.81,24949.57,24941.38,24946.08,3174805,Simulated
NIFTY,2025-10-28,12:54:00,24961.11,24971.17,24953.57,24959.38,5817792,Simulated
NIFTY,2025-10-28,12:55:00,24895.83,24901.65,24883.12,24896.40,2716015,Simulated
NIFTY,2025-10-28,12:56:00,24869.46,24874.15,24858.78,24871.15,2969420,Simulated
NIFTY,2025-10-28,12:57:00,24877.96,24882.53,24878.81,24881.42,3533131,Simulated
NIFTY,2025-10-28,12:58:00,24888.68,24891.07,24874.39,24886.59,4437846,Simulated
NIFTY,2025-10-28,12:59:00,24884.14,24894.12,24874.87,24888.57,2028973,Simulated
NIFTY,2025-10-28,13:00:00,24924.36,24923.80,24904.81,24916.80,3261711,Simulated
NIFTY,2025-10-28,13:01:00,24911.84,24913.29,24899.77,24905.80,3222405,Simulated
NIFTY,2025-10-28,13:02:00,24895.30,24892.44,24882.56,24885.82,1750948,Simulated
NIFTY,2025-10-28,13:03:00,24890.06,24895.13,24884.22,24887.47,4955251,Simulated
NIFTY,2025-10-28,13:04:00,24899.68,24904.45,24898.08,24903.81,5802299,Simulated
NIFTY,2025-10-28,13:05:00,24911.42,24934.06,24885.19,24911.59,4972437,Simulated
NIFTY,2025-10-28,13:06:00,24917.26,24932.47,24910.98,24919.10,5373764,Simulated
NIFTY,2025-10-28,13:07:00,24882.61,24894.79,24871.42,24888.72,5654015,Simulated
NIFTY,2025-10-28,13:08:00,24889.45,24906.64,24863.92,24892.26,5825194,Simulated
NIFTY,2025-10-28,13:09:00,24892.83,24919.08,24894.71,24897.25,2987738,Simulated
NIFTY,2025-10-28,13:10:00,24876.43,24894.62,24882.52,24884.01,5701207,Simulated
NIFTY,2025-10-28,13:11:00,24838.39,24848.94,24831.65,24835.41,1468349,Simulated
NIFTY,2025-10-28,13:12:00,24826.94,24845.80,24830.22,24832.00,1652923,Simulated
NIFTY,2025-10-28,13:13:00,24791.45,24810.87,24780.24,24803.90,1903346,Simulated
NIFTY,2025-10-28,13:14:00,24859.50,24885.36,24850.73,24860.75,1863695,Simulated
NIFTY,2025-10-28,13:15:00,24906.51,24907.04,24905.99,24906.06,2456480,Simulated
NIFTY,2025-10-28,13:16:00,24918.66,24914.77,24910.77,24912.66,2182635,Simulated
NIFTY,2025-10-28,13:17:00,24885.93,24891.63,24885.40,24887.39,2502523,Simulated
NIFTY,2025-10-28,13:18:00,24893.86,24910.70,24896.41,24897.46,2881218,Simulated
NIFTY,2025-10-28,13:19:00,24897.41,24918.11,24897.33,24906.66,5409481,Simulated
NIFTY,2025-10-28,13:20:00,24934.70,24934.63,24932.82,24934.12,1226430,Simulated
NIFTY,2025-10-28,13:21:00,24949.01,24966.63,24938.57,24947.37,5430390,Simulated
NIFTY,2025-10-28,13:22:00,24910.15,24913.01,24903.95,24906.37,3022777,Simulated
NIFTY,2025-10-28,13:23:00,24894.57,24904.66,24886.64,24892.36,2880926,Simulated
NIFTY,2025-10-28,13:24:00,24879.12,24881.94,24863.31,24874.94,4096083,Simulated
NIFTY,2025-10-28,13:25:00,24886.47,24892.96,24876.08,24884.68,2445667,Simulated
NIFTY,2025-10-28,13:26:00,24842.53,24861.88,24842.99,24844.97,5587101,Simulated
NIFTY,2025-10-28,13:27:00,24867.93,24872.37,24856.61,24867.54,1125244,Simulated
NIFTY,2025-10-28,13:28:00,24866.34,24879.98,24860.40,24863.08,2203759,Simulated
NIFTY,2025-10-28,13:29:00,24872.50,24874.94,24864.91,24873.90,3651667,Simulated
NIFTY,2025-10-28,13:30:00,24849.69,24840.06,24834.43,24836.10,2054947,Simulated
NIFTY,2025-10-28,13:31:00,24807.13,24825.64,24822.65,24824.80,1659584,Simulated
NIFTY,2025-10-28,13:32:00,24876.76,24875.63,24864.31,24867.21,5635055,Simulated
NIFTY,2025-10-28,13:33:00,24825.89,24842.33,24831.80,24833.07,2169334,Simulated
NIFTY,2025-10-28,13:34:00,24822.97,24831.75,24831.44,24831.68,3311140,Simulated
NIFTY,2025-10-28,13:35:00,24820.32,24828.51,24815.84,24820.31,5625322,Simulated
NIFTY,2025-10-28,13:36:00,24798.37,24830.44,24806.21,24807.16,2745455,Simulated
NIFTY,2025-10-28,13:37:00,24809.74,24817.97,24793.88,24806.78,4283291,Simulated
NIFTY,2025-10-28,13:38:00,24824.21,24836.56,24808.28,24818.42,5779973,Simulated
NIFTY,2025-10-28,13:39:00,24854.39,24860.53,24843.99,24853.14,4213340,Simulated
NIFTY,2025-10-28,13:40:00,24888.05,24890.33,24884.60,24888.69,4743996,Simulated
NIFTY,2025-10-28,13:41:00,24911.15,24911.88,24900.69,24910.68,4811364,Simulated
NIFTY,2025-10-28,13:42:00,24886.40,24896.25,24872.35,24883.56,3216663,Simulated
NIFTY,2025-10-28,13:43:00,24843.91,24841.45,24829.19,24841.02,2348973,Simulated
NIFTY,2025-10-28,13:44:00,24833.85,24838.62,24818.64,24827.51,5861411,Simulated
NIFTY,2025-10-28,13:45:00,24831.12,24842.72,24815.49,24836.01,3890244,Simulated
NIFTY,2025-10-28,13:46:00,24809.17,24828.01,24814.21,24816.64,2162353,Simulated
NIFTY,2025-10-28,13:47:00,24828.63,24848.24,24811.38,24826.83,3146220,Simulated
NIFTY,2025-10-28,13:48:00,24820.10,24847.86,24816.41,24824.79,4801211,Simulated
NIFTY,2025-10-28,13:49:00,24854.14,24865.23,24852.31,24856.78,4287368,Simulated
NIFTY,2025-10-28,13:50:00,24879.63,24885.82,24863.98,24878.25,1697514,Simulated
NIFTY,2025-10-28,13:51:00,24900.03,24910.33,24901.33,24906.40,5162719,Simulated
NIFTY,2025-10-28,13:52:00,24911.50,24919.43,24897.18,24913.10,3484887,Simulated
NIFTY,2025-10-28,13:53:00,24876.76,24888.16,24878.20,24878.60,5190883,Simulated
NIFTY,2025-10-28,13:54:00,24861.39,24874.88,24864.60,24865.46,4975437,Simulated
NIFTY,2025-10-28,13:55:00,24884.71,24898.34,24870.70,24888.46,1540452,Simulated
NIFTY,2025-10-28,13:56:00,24904.19,24914.07,24898.14,24903.90,5586782,Simulated
NIFTY,2025-10-28,13:57:00,24911.39,24918.04,24908.48,24917.81,1411039,Simulated
NIFTY,2025-10-28,13:58:00,24963.31,24968.77,24952.84,24953.53,1980974,Simulated
NIFTY,2025-10-28,13:59:00,24927.87,24933.82,24914.01,24929.06,2254010,Simulated
NIFTY,2025-10-28,14:00:00,24929.54,24932.29,24914.43,24926.59,3321188,Simulated
NIFTY,2025-10-28,14:01:00,24931.97,24942.46,24939.67,24941.02,4637013,Simulated
NIFTY,2025-10-28,14:02:00,24964.92,24968.55,24961.90,24966.71,1581886,Simulated
NIFTY,2025-10-28,14:03:00,24976.78,24984.78,24980.18,24981.83,2196107,Simulated
NIFTY,2025-10-28,14:04:00,24991.85,24991.59,24984.78,24988.20,2190694,Simulated
NIFTY,2025-10-28,14:05:00,24979.68,24976.30,24962.57,24972.53,2651066,Simulated
NIFTY,2025-10-28,14:06:00,24978.05,24988.57,24973.77,24977.44,2211332,Simulated
NIFTY,2025-10-28,14:07:00,24919.56,24917.54,24904.64,24914.30,1845597,Simulated
NIFTY,2025-10-28,14:08:00,24937.18,24937.62,24920.46,24934.26,1620111,Simulated
NIFTY,2025-10-28,14:09:00,24962.53,24964.02,24944.96,24962.99,4984610,Simulated
NIFTY,2025-10-28,14:10:00,24945.46,24957.59,24941.86,24948.91,4537015,Simulated
NIFTY,2025-10-28,14:11:00,24981.79,24980.02,24973.91,24976.55,4855354,Simulated
NIFTY,2025-10-28,14:12:00,24993.50,24995.33,24983.92,24992.17,3038721,Simulated
NIFTY,2025-10-28,14:13:00,24987.58,25003.56,24990.83,24993.01,2971741,Simulated
NIFTY,2025-10-28,14:14:00,24965.31,24966.87,24960.71,24965.39,2387789,Simulated
NIFTY,2025-10-28,14:15:00,24950.43,24951.24,24948.62,24950.77,4845980,Simulated
NIFTY,2025-10-28,14:16:00,24952.42,24962.26,24935.67,24946.32,2882579,Simulated
NIFTY,2025-10-28,14:17:00,24928.67,24942.54,24930.34,24934.35,5256139,Simulated
NIFTY,2025-10-28,14:18:00,24939.82,24953.86,24936.43,24943.74,2604884,Simulated
NIFTY,2025-10-28,14:19:00,24974.54,24972.48,24954.29,24966.34,5043287,Simulated
NIFTY,2025-10-28,14:20:00,24936.52,24955.03,24926.33,24942.37,2805212,Simulated
NIFTY,2025-10-28,14:21:00,24938.00,24941.23,24916.79,24935.48,2596320,Simulated
NIFTY,2025-10-28,14:22:00,24946.00,24946.99,24932.31,24939.37,5423971,Simulated
NIFTY,2025-10-28,14:23:00,24927.76,24923.86,24900.66,24918.96,1306484,Simulated
NIFTY,2025-10-28,14:24:00,24927.29,24945.92,24933.82,24937.03,3090518,Simulated
NIFTY,2025-10-28,14:25:00,24965.82,24973.15,24958.27,24965.40,1747833,Simulated
NIFTY,2025-10-28,14:26:00,24999.05,25011.36,24988.40,25000.79,3180847,Simulated
NIFTY,2025-10-28,14:27:00,24997.65,25011.89,24997.69,24998.29,2273469,Simulated
NIFTY,2025-10-28,14:28:00,24938.29,24944.55,24940.59,24940.84,2092998,Simulated
NIFTY,2025-10-28,14:29:00,24890.95,24901.56,24887.23,24892.52,3785014,Simulated
NIFTY,2025-10-28,14:30:00,24896.19,24902.64,24893.08,24898.73,1466581,Simulated
NIFTY,2025-10-28,14:31:00,24862.72,24873.85,24862.58,24863.28,2054742,Simulated
NIFTY,2025-10-28,14:32:00,24860.85,24863.76,24856.45,24858.77,4701752,Simulated
NIFTY,2025-10-28,14:33:00,24905.81,24915.58,24908.99,24911.60,1122477,Simulated
NIFTY,2025-10-28,14:34:00,24919.79,24925.61,24917.50,24922.45,1900389,Simulated
NIFTY,2025-10-28,14:35:00,24927.35,24932.07,24924.15,24926.34,1024367,Simulated
NIFTY,2025-10-28,14:36:00,24923.14,24936.25,24917.37,24923.24,4975791,Simulated
NIFTY,2025-10-28,14:37:00,24943.22,24950.19,24938.79,24948.57,2943408,Simulated
NIFTY,2025-10-28,14:38:00,24923.19,24931.68,24921.80,24923.66,1617549,Simulated
NIFTY,2025-10-28,14:39:00,24946.83,24949.52,24942.26,24948.45,2710882,Simulated
NIFTY,2025-10-28,14:40:00,24947.46,24951.43,24933.52,24949.55,5955327,Simulated
NIFTY,2025-10-28,14:41:00,24966.49,24973.47,24961.09,24962.82,1514991,Simulated
NIFTY,2025-10-28,14:42:00,24948.02,24949.18,24939.35,24945.47,5631876,Simulated
NIFTY,2025-10-28,14:43:00,24926.69,24950.18,24928.76,24934.00,2631167,Simulated
NIFTY,2025-10-28,14:44:00,24963.09,24971.76,24951.00,24962.98,1429988,Simulated
NIFTY,2025-10-28,14:45:00,24954.85,24965.71,24956.38,24960.77,4799821,Simulated
NIFTY,2025-10-28,14:46:00,24934.91,24947.68,24936.42,24937.72,5559103,Simulated
NIFTY,2025-10-28,14:47:00,24963.74,24959.82,24947.82,24959.61,2369213,Simulated
NIFTY,2025-10-28,14:48:00,24963.62,24965.78,24954.44,24961.06,4601306,Simulated
NIFTY,2025-10-28,14:49:00,24935.81,24939.78,24925.48,24929.45,1118374,Simulated
NIFTY,2025-10-28,14:50:00,24935.29,24938.24,24934.19,24936.35,2688848,Simulated
NIFTY,2025-10-28,14:51:00,24945.81,24944.80,24943.25,24944.07,2427110,Simulated
NIFTY,2025-10-28,14:52:00,24929.79,24953.90,24927.36,24933.43,3622556,Simulated
NIFTY,2025-10-28,14:53:00,24932.56,24942.38,24923.46,24939.11,3774296,Simulated
NIFTY,2025-10-28,14:54:00,24932.69,24930.76,24922.83,24926.66,5353024,Simulated
NIFTY,2025-10-28,14:55:00,24923.91,24936.47,24910.53,24929.90,5792412,Simulated
NIFTY,2025-10-28,14:56:00,24907.45,24921.76,24909.91,24910.41,3445172,Simulated
NIFTY,2025-10-28,14:57:00,24914.49,24926.02,24907.95,24916.63,5111979,Simulated
NIFTY,2025-10-28,14:58:00,24926.34,24930.44,24919.56,24926.68,1652757,Simulated
NIFTY,2025-10-28,14:59:00,24921.79,24929.27,24915.74,24917.74,5716101,Simulated
NIFTY,2025-10-28,15:00:00,24904.43,24911.77,24902.20,24904.31,4780192,Simulated
NIFTY,2025-10-28,15:01:00,24890.73,24902.82,24893.38,24897.71,1796515,Simulated
NIFTY,2025-10-28,15:02:00,24860.83,24877.22,24857.73,24862.58,1338226,Simulated
NIFTY,2025-10-28,15:03:00,24897.21,24908.84,24880.11,24896.97,2979595,Simulated
NIFTY,2025-10-28,15:04:00,24891.65,24886.19,24874.50,24881.03,5333819,Simulated
NIFTY,2025-10-28,15:05:00,24847.90,24854.27,24838.65,24844.48,4323415,Simulated
NIFTY,2025-10-28,15:06:00,24835.73,24854.35,24837.92,24839.68,4404310,Simulated
NIFTY,2025-10-28,15:07:00,24840.28,24853.95,24828.45,24845.06,3901520,Simulated
NIFTY,2025-10-28,15:08:00,24815.93,24831.49,24808.60,24810.80,2719588,Simulated
NIFTY,2025-10-28,15:09:00,24772.76,24789.79,24776.28,24776.89,2614690,Simulated
NIFTY,2025-10-28,15:10:00,24784.98,24792.90,24782.35,24783.75,3456740,Simulated
NIFTY,2025-10-28,15:11:00,24795.41,24811.80,24784.04,24796.33,3619432,Simulated
NIFTY,2025-10-28,15:12:00,24791.51,24820.37,24783.92,24792.62,4465135,Simulated
NIFTY,2025-10-28,15:13:00,24803.73,24811.76,24804.68,24807.86,2960520,Simulated
NIFTY,2025-10-28,15:14:00,24826.29,24834.60,24813.91,24824.85,1264958,Simulated
NIFTY,2025-10-28,15:15:00,24826.70,24848.14,24827.22,24834.70,4172591,Simulated
NIFTY,2025-10-28,15:16:00,24802.42,24812.08,24796.75,24806.18,5230126,Simulated
NIFTY,2025-10-28,15:17:00,24787.31,24789.55,24786.55,24787.05,5549042,Simulated
NIFTY,2025-10-28,15:18:00,24827.43,24832.43,24815.74,24824.15,2447385,Simulated
NIFTY,2025-10-28,15:19:00,24842.68,24835.43,24819.87,24832.33,2059648,Simulated
NIFTY,2025-10-28,15:20:00,24800.66,24800.58,24783.90,24792.58,2066925,Simulated
NIFTY,2025-10-28,15:21:00,24797.23,24811.02,24786.82,24800.32,5767357,Simulated
NIFTY,2025-10-28,15:22:00,24773.05,24786.71,24774.11,24776.98,5115822,Simulated
NIFTY,2025-10-28,15:23:00,24773.04,24778.20,24776.97,24777.35,1276711,Simulated
NIFTY,2025-10-28,15:24:00,24804.96,24807.97,24792.68,24805.20,5500131,Simulated
NIFTY,2025-10-28,15:25:00,24830.88,24838.86,24819.32,24823.95,1886685,Simulated
NIFTY,2025-10-28,15:26:00,24812.69,24807.68,24796.46,24805.68,1285503,Simulated
NIFTY,2025-10-28,15:27:00,24845.25,24850.57,24833.80,24837.14,5051523,Simulated
NIFTY,2025-10-28,15:28:00,24783.50,24788.91,24778.80,24783.33,2752113,Simulated
NIFTY,2025-10-28,15:29:00,24815.97,24833.26,24809.08,24821.61,4365948,Simulated
SENSEX,2025-10-28,09:00:00,82013.74,82026.08,82018.55,82018.84,1380124,Simulated
SENSEX,2025-10-28,09:01:00,81973.11,81974.08,81968.21,81971.08,1607968,Simulated
SENSEX,2025-10-28,09:02:00,81909.98,81925.04,81911.58,81916.64,4151256,Simulated
SENSEX,2025-10-28,09:03:00,81988.19,81993.91,81986.98,81992.07,2814453,Simulated
SENSEX,2025-10-28,09:04:00,81968.79,81974.01,81952.26,81973.53,4042366,Simulated
SENSEX,2025-10-28,09:05:00,81923.15,81940.56,81919.79,81928.20,2766449,Simulated
SENSEX,2025-10-28,09:06:00,82011.75,82027.36,81999.87,82013.36,1168043,Simulated
SENSEX,2025-10-28,09:07:00,82098.32,82107.29,82080.74,82097.51,4051369,Simulated
SENSEX,2025-10-28,09:08:00,82124.02,82134.14,82113.92,82123.89,4495714,Simulated
SENSEX,2025-10-28,09:09:00,82099.92,82100.60,82078.93,82096.37,3414152,Simulated
SENSEX,2025-10-28,09:10:00,82203.48,82210.80,82195.03,82202.29,5934386,Simulated
SENSEX,2025-10-28,09:11:00,82196.97,82198.13,82184.69,82195.15,2931094,Simulated
SENSEX,2025-10-28,09:12:00,82219.46,82231.50,82216.87,82227.54,4973603,Simulated
SENSEX,2025-10-28,09:13:00,82199.42,82208.83,82195.69,82196.75,4547893,Simulated
SENSEX,2025-10-28,09:14:00,82236.01,82229.51,82222.89,82228.33,5769681,Simulated
SENSEX,2025-10-28,09:15:00,82264.19,82272.25,82244.23,82270.99,1975652,Simulated
SENSEX,2025-10-28,09:16:00,82237.15,82238.94,82223.37,82235.65,4163328,Simulated
SENSEX,2025-10-28,09:17:00,82237.79,82256.94,82237.57,82237.90,4810595,Simulated
SENSEX,2025-10-28,09:18:00,82299.38,82309.94,82291.65,82295.24,5902283,Simulated
SENSEX,2025-10-28,09:19:00,82239.84,82241.49,82231.55,82237.53,4136799,Simulated
SENSEX,2025-10-28,09:20:00,82251.77,82241.86,82220.00,82240.26,4695793,Simulated
SENSEX,2025-10-28,09:21:00,82303.40,82306.69,82292.53,82296.65,2100784,Simulated
SENSEX,2025-10-28,09:22:00,82169.99,82170.19,82158.09,82166.45,2300528,Simulated
SENSEX,2025-10-28,09:23:00,82140.94,82144.45,82139.93,82139.94,3771707,Simulated
SENSEX,2025-10-28,09:24:00,81975.14,81985.20,81965.33,81974.99,4860054,Simulated
SENSEX,2025-10-28,09:25:00,81921.57,81935.19,81921.89,81930.98,2565363,Simulated
SENSEX,2025-10-28,09:26:00,81976.11,81980.33,81971.13,81974.72,2972280,Simulated
SENSEX,2025-10-28,09:27:00,81900.82,81902.01,81892.84,81893.27,3418822,Simulated
SENSEX,2025-10-28,09:28:00,82036.50,82037.68,82024.09,82033.32,4220567,Simulated
SENSEX,2025-10-28,09:29:00,81901.02,81908.16,81900.76,81901.02,2205147,Simulated
SENSEX,2025-10-28,09:30:00,81788.78,81795.10,81770.49,81783.61,3967848,Simulated
SENSEX,2025-10-28,09:31:00,81703.22,81724.78,81700.32,81704.61,2379257,Simulated
SENSEX,2025-10-28,09:32:00,81683.69,81696.68,81666.94,81682.28,1663046,Simulated
SENSEX,2025-10-28,09:33:00,81777.51,81777.23,81770.35,81775.33,4110206,Simulated
SENSEX,2025-10-28,09:34:00,81979.24,81985.71,81971.83,81976.11,1021984,Simulated
SENSEX,2025-10-28,09:35:00,81982.70,81993.36,81985.78,81986.96,3577068,Simulated
SENSEX,2025-10-28,09:36:00,82123.20,82125.58,82107.12,82113.81,4473036,Simulated
SENSEX,2025-10-28,09:37:00,82130.92,82121.62,82118.15,82120.67,3001274,Simulated
SENSEX,2025-10-28,09:38:00,82133.87,82141.00,82136.18,82138.39,4991215,Simulated
SENSEX,2025-10-28,09:39:00,82104.52,82108.26,82106.60,82107.00,1313818,Simulated
SENSEX,2025-10-28,09:40:00,82056.99,82055.01,82038.88,82053.03,1594369,Simulated
SENSEX,2025-10-28,09:41:00,82062.39,82058.50,82054.01,82057.89,2034685,Simulated
SENSEX,2025-10-28,09:42:00,82001.96,82001.90,81985.26,81987.34,1716883,Simulated
SENSEX,2025-10-28,09:43:00,81923.04,81920.61,81902.47,81912.31,1214679,Simulated
SENSEX,2025-10-28,09:44:00,81973.84,81979.34,81965.58,81969.36,5426291,Simulated
SENSEX,2025-10-28,09:45:00,82041.11,82058.58,82042.26,82043.77,5297480,Simulated
SENSEX,2025-10-28,09:46:00,82126.96,82133.77,82117.04,82123.54,5812015,Simulated
SENSEX,2025-10-28,09:47:00,82045.10,82063.42,82046.50,82051.52,4690923,Simulated
SENSEX,2025-10-28,09:48:00,82159.42,82157.51,82134.73,82149.36,5814161,Simulated
SENSEX,2025-10-28,09:49:00,82116.10,82122.96,82115.58,82117.45,4045715,Simulated
SENSEX,2025-10-28,09:50:00,82077.23,82094.30,82068.60,82076.57,4208046,Simulated
SENSEX,2025-10-28,09:51:00,81984.71,81990.39,81976.02,81988.19,5326207,Simulated
SENSEX,2025-10-28,09:52:00,81971.49,81982.26,81973.84,81974.30,5228174,Simulated
SENSEX,2025-10-28,09:53:00,81977.31,81984.49,81979.07,81983.43,3778187,Simulated
SENSEX,2025-10-28,09:54:00,82061.45,82066.35,82048.94,82061.92,5518640,Simulated
SENSEX,2025-10-28,09:55:00,81884.93,81899.24,81879.02,81888.96,4932430,Simulated
SENSEX,2025-10-28,09:56:00,81972.00,81972.88,81965.40,81971.39,2272140,Simulated
SENSEX,2025-10-28,09:57:00,82113.02,82131.13,82106.09,82108.37,4562903,Simulated
SENSEX,2025-10-28,09:58:00,82175.67,82183.99,82159.85,82177.95,1823061,Simulated
SENSEX,2025-10-28,09:59:00,82262.90,82273.58,82258.71,82270.33,3240070,Simulated
SENSEX,2025-10-28,10:00:00,82166.38,82169.81,82154.82,82164.60,1440877,Simulated
SENSEX,2025-10-28,10:01:00,82267.22,82272.92,82269.09,82271.99,2286202,Simulated
SENSEX,2025-10-28,10:02:00,82315.11,82314.21,82312.05,82313.26,2752896,Simulated
SENSEX,2025-10-28,10:03:00,82426.26,82435.25,82429.37,82432.80,2953220,Simulated
SENSEX,2025-10-28,10:04:00,82418.95,82429.75,82410.15,82420.10,2284808,Simulated
SENSEX,2025-10-28,10:05:00,82616.76,82613.65,82606.66,82609.89,5298856,Simulated
SENSEX,2025-10-28,10:06:00,82630.30,82644.29,82632.36,82637.74,1612021,Simulated
SENSEX,2025-10-28,10:07:00,82653.18,82667.77,82637.18,82648.78,4368481,Simulated
SENSEX,2025-10-28,10:08:00,82550.34,82559.55,82546.21,82548.15,5353373,Simulated
SENSEX,2025-10-28,10:09:00,82421.62,82433.65,82407.47,82419.94,2958324,Simulated
SENSEX,2025-10-28,10:10:00,82305.84,82317.99,82296.58,82311.27,2571627,Simulated
SENSEX,2025-10-28,10:11:00,82297.49,82304.72,82271.67,82290.82,1523015,Simulated
SENSEX,2025-10-28,10:12:00,82208.35,82217.74,82182.82,82201.71,2826955,Simulated
SENSEX,2025-10-28,10:13:00,82230.89,82233.89,82229.61,82230.37,5486082,Simulated
SENSEX,2025-10-28,10:14:00,82328.87,82340.85,82316.31,82324.94,5251659,Simulated
SENSEX,2025-10-28,10:15:00,82457.55,82469.88,82453.88,82463.13,4378252,Simulated
SENSEX,2025-10-28,10:16:00,82444.30,82450.16,82444.64,82445.81,2771142,Simulated
SENSEX,2025-10-28,10:17:00,82677.06,82683.31,82664.34,82674.26,3438140,Simulated
SENSEX,2025-10-28,10:18:00,82683.15,82681.41,82665.26,82676.73,4045973,Simulated
SENSEX,2025-10-28,10:19:00,82746.06,82748.35,82743.82,82745.20,3259397,Simulated
SENSEX,2025-10-28,10:20:00,82737.28,82739.87,82726.71,82738.54,5031834,Simulated
SENSEX,2025-10-28,10:21:00,82599.69,82601.29,82586.59,82593.34,3763787,Simulated
SENSEX,2025-10-28,10:22:00,82470.44,82480.61,82459.17,82464.69,1001536,Simulated
SENSEX,2025-10-28,10:23:00,82447.75,82456.23,82454.23,82455.44,4102431,Simulated
SENSEX,2025-10-28,10:24:00,82483.21,82485.65,82466.67,82483.96,2944250,Simulated
SENSEX,2025-10-28,10:25:00,82349.63,82353.56,82339.60,82341.70,3641912,Simulated
SENSEX,2025-10-28,10:26:00,82171.34,82184.23,82160.64,82168.15,5644330,Simulated
SENSEX,2025-10-28,10:27:00,82122.44,82129.72,82120.25,82125.58,4615206,Simulated
SENSEX,2025-10-28,10:28:00,82160.90,82176.23,82144.98,82158.38,3133217,Simulated
SENSEX,2025-10-28,10:29:00,82187.29,82197.49,82177.30,82180.82,3258850,Simulated
SENSEX,2025-10-28,10:30:00,82140.18,82145.65,82138.01,82138.59,2205140,Simulated
SENSEX,2025-10-28,10:31:00,82234.92,82240.05,82231.50,82235.67,4050812,Simulated
SENSEX,2025-10-28,10:32:00,82278.12,82287.63,82268.64,82273.69,4142992,Simulated
SENSEX,2025-10-28,10:33:00,82372.66,82369.58,82367.95,82368.36,3541362,Simulated
SENSEX,2025-10-28,10:34:00,82229.61,82235.56,82218.58,82231.83,2615160,Simulated
SENSEX,2025-10-28,10:35:00,82111.08,82122.22,82090.58,82108.62,3378858,Simulated
SENSEX,2025-10-28,10:36:00,82107.94,82118.17,82087.80,82102.19,5741801,Simulated
SENSEX,2025-10-28,10:37:00,82202.43,82205.56,82189.60,82195.46,5243220,Simulated
SENSEX,2025-10-28,10:38:00,82162.24,82165.86,82163.22,82165.34,4899618,Simulated
SENSEX,2025-10-28,10:39:00,82319.33,82323.23,82308.71,82314.01,4150864,Simulated
SENSEX,2025-10-28,10:40:00,82284.91,82302.99,82262.30,82289.19,5678162,Simulated
SENSEX,2025-10-28,10:41:00,82322.16,82345.04,82323.95,82324.77,4649788,Simulated
SENSEX,2025-10-28,10:42:00,82337.24,82340.30,82336.17,82337.28,5795752,Simulated
SENSEX,2025-10-28,10:43:00,82349.07,82364.03,82330.35,82355.88,1010573,Simulated
SENSEX,2025-10-28,10:44:00,82372.62,82392.81,82366.71,82369.77,3845600,Simulated
SENSEX,2025-10-28,10:45:00,82398.46,82393.09,82390.09,82392.01,2528597,Simulated
SENSEX,2025-10-28,10:46:00,82162.44,82178.88,82166.20,82170.51,1353081,Simulated
SENSEX,2025-10-28,10:47:00,82074.21,82078.25,82052.93,82071.72,4774375,Simulated
SENSEX,2025-10-28,10:48:00,82019.11,82027.99,82005.78,82018.11,4065093,Simulated
SENSEX,2025-10-28,10:49:00,82025.30,82042.35,82014.77,82021.61,4449914,Simulated
SENSEX,2025-10-28,10:50:00,82001.33,82007.67,82003.91,82004.40,3313606,Simulated
SENSEX,2025-10-28,10:51:00,81964.31,81973.18,81960.21,81961.68,4777583,Simulated
SENSEX,2025-10-28,10:52:00,82004.65,82012.52,81987.48,82007.89,2028636,Simulated
SENSEX,2025-10-28,10:53:00,82127.12,82122.98,82105.64,82117.90,4603067,Simulated
SENSEX,2025-10-28,10:54:00,82066.89,82079.57,82068.38,82071.28,2787297,Simulated
SENSEX,2025-10-28,10:55:00,82083.78,82090.77,82067.13,82078.57,2261382,Simulated
SENSEX,2025-10-28,10:56:00,81980.33,81970.27,81965.64,81968.02,2040410,Simulated
SENSEX,2025-10-28,10:57:00,82096.85,82110.70,82091.73,82097.48,2382556,Simulated
SENSEX,2025-10-28,10:58:00,82260.09,82272.13,82251.87,82256.83,4487395,Simulated
SENSEX,2025-10-28,10:59:00,82068.94,82073.94,82070.07,82073.24,5039904,Simulated
SENSEX,2025-10-28,11:00:00,81917.77,81937.51,81910.07,81923.10,5673417,Simulated
SENSEX,2025-10-28,11:01:00,81848.44,81853.84,81843.39,81843.60,4428698,Simulated
SENSEX,2025-10-28,11:02:00,81941.63,81955.51,81940.90,81948.73,4595521,Simulated
SENSEX,2025-10-28,11:03:00,82158.77,82163.05,82146.73,82155.84,1542650,Simulated
SENSEX,2025-10-28,11:04:00,82039.95,82050.06,82025.80,82035.79,3626866,Simulated
SENSEX,2025-10-28,11:05:00,81961.95,81965.09,81946.57,81959.65,2061371,Simulated
SENSEX,2025-10-28,11:06:00,81965.48,81989.14,81954.38,81969.83,5207764,Simulated
SENSEX,2025-10-28,11:07:00,81895.50,81899.39,81879.63,81890.09,5583238,Simulated
SENSEX,2025-10-28,11:08:00,82010.66,82011.81,81995.42,82005.39,1813509,Simulated
SENSEX,2025-10-28,11:09:00,81838.69,81867.45,81839.90,81847.45,1217063,Simulated
SENSEX,2025-10-28,11:10:00,81914.08,81924.93,81902.68,81913.37,3459448,Simulated
SENSEX,2025-10-28,11:11:00,81816.00,81829.12,81813.96,81820.98,5381206,Simulated
SENSEX,2025-10-28,11:12:00,81796.03,81818.45,81797.53,81806.13,1351407,Simulated
SENSEX,2025-10-28,11:13:00,81856.16,81866.23,81854.89,81856.19,4020134,Simulated
SENSEX,2025-10-28,11:14:00,81849.70,81867.78,81849.37,81851.78,1884468,Simulated
SENSEX,2025-10-28,11:15:00,81814.96,81816.72,81814.01,81815.42,5163315,Simulated
SENSEX,2025-10-28,11:16:00,81828.26,81836.59,81818.74,81833.14,1300853,Simulated
SENSEX,2025-10-28,11:17:00,81884.66,81884.71,81875.80,81882.31,4647436,Simulated
SENSEX,2025-10-28,11:18:00,81700.65,81710.76,81707.23,81709.67,1898013,Simulated
SENSEX,2025-10-28,11:19:00,81753.21,81757.74,81732.71,81755.11,4605506,Simulated
SENSEX,2025-10-28,11:20:00,81592.19,81603.82,81584.21,81594.93,2302775,Simulated
SENSEX,2025-10-28,11:21:00,81513.71,81518.20,81515.94,81517.17,2457742,Simulated
SENSEX,2025-10-28,11:22:00,81490.81,81501.65,81487.53,81493.44,1102948,Simulated
SENSEX,2025-10-28,11:23:00,81631.84,81632.03,81617.57,81630.06,1913971,Simulated
SENSEX,2025-10-28,11:24:00,81535.02,81547.41,81518.03,81539.91,3415689,Simulated
SENSEX,2025-10-28,11:25:00,81563.36,81557.21,81536.54,81556.81,5610115,Simulated
SENSEX,2025-10-28,11:26:00,81514.96,81522.97,81498.98,81510.83,3129445,Simulated
SENSEX,2025-10-28,11:27:00,81544.75,81550.77,81532.88,81538.34,1574106,Simulated
SENSEX,2025-10-28,11:28:00,81602.19,81596.63,81593.18,81596.59,3361929,Simulated
SENSEX,2025-10-28,11:29:00,81458.43,81467.40,81452.76,81458.77,1554330,Simulated
SENSEX,2025-10-28,11:30:00,81432.92,81447.41,81440.20,81443.48,2436955,Simulated
SENSEX,2025-10-28,11:31:00,81510.22,81518.06,81507.53,81516.08,4488183,Simulated
SENSEX,2025-10-28,11:32:00,81438.26,81448.74,81428.66,81436.69,3455921,Simulated
SENSEX,2025-10-28,11:33:00,81462.85,81479.04,81448.90,81464.59,4675849,Simulated
SENSEX,2025-10-28,11:34:00,81447.77,81461.02,81442.80,81449.57,3632178,Simulated
SENSEX,2025-10-28,11:35:00,81486.53,81491.33,81483.43,81489.79,2132998,Simulated
SENSEX,2025-10-28,11:36:00,81532.53,81550.18,81516.49,81528.84,1963716,Simulated
SENSEX,2025-10-28,11:37:00,81497.39,81508.13,81500.37,81501.34,5065680,Simulated
SENSEX,2025-10-28,11:38:00,81453.35,81454.19,81447.82,81452.01,1313971,Simulated
SENSEX,2025-10-28,11:39:00,81457.43,81459.13,81437.62,81459.05,2117582,Simulated
SENSEX,2025-10-28,11:40:00,81565.08,81585.77,81562.15,81564.56,5311324,Simulated
SENSEX,2025-10-28,11:41:00,81687.43,81706.07,81670.54,81686.38,2071957,Simulated
SENSEX,2025-10-28,11:42:00,81678.94,81669.68,81658.54,81668.78,2831322,Simulated
SENSEX,2025-10-28,11:43:00,81591.85,81593.32,81582.61,81591.70,1637350,Simulated
SENSEX,2025-10-28,11:44:00,81523.88,81543.23,81522.19,81529.65,2015206,Simulated
SENSEX,2025-10-28,11:45:00,81388.35,81400.78,81385.61,81391.83,5720026,Simulated
SENSEX,2025-10-28,11:46:00,81373.81,81380.30,81365.81,81371.30,4042461,Simulated
SENSEX,2025-10-28,11:47:00,81471.42,81474.38,81461.45,81472.08,5022361,Simulated
SENSEX,2025-10-28,11:48:00,81529.71,81535.82,81512.44,81524.36,4349899,Simulated
SENSEX,2025-10-28,11:49:00,81593.78,81610.25,81592.76,81597.62,3832931,Simulated
SENSEX,2025-10-28,11:50:00,81650.23,81655.33,81626.50,81652.32,4053064,Simulated
SENSEX,2025-10-28,11:51:00,81653.09,81648.78,81640.17,81641.90,2154314,Simulated
SENSEX,2025-10-28,11:52:00,81487.86,81506.02,81477.70,81493.64,3723345,Simulated
SENSEX,2025-10-28,11:53:00,81508.00,81505.97,81496.29,81499.06,3633931,Simulated
SENSEX,2025-10-28,11:54:00,81494.53,81512.29,81487.15,81503.82,1042599,Simulated
SENSEX,2025-10-28,11:55:00,81421.51,81431.96,81404.67,81419.73,5603506,Simulated
SENSEX,2025-10-28,11:56:00,81312.70,81324.80,81298.78,81313.28,5841792,Simulated
SENSEX,2025-10-28,11:57:00,81348.09,81347.28,81341.12,81346.64,1001472,Simulated
SENSEX,2025-10-28,11:58:00,81355.02,81355.13,81341.60,81346.94,2923828,Simulated
SENSEX,2025-10-28,11:59:00,81286.01,81297.93,81284.14,81287.87,1967663,Simulated
SENSEX,2025-10-28,12:00:00,81295.73,81298.53,81294.97,81297.66,1329279,Simulated
SENSEX,2025-10-28,12:01:00,81291.21,81305.71,81290.03,81294.63,5610247,Simulated
SENSEX,2025-10-28,12:02:00,81354.17,81383.03,81362.85,81363.91,3075581,Simulated
SENSEX,2025-10-28,12:03:00,81356.28,81359.44,81338.04,81349.64,1175883,Simulated
SENSEX,2025-10-28,12:04:00,81439.63,81458.27,81432.19,81447.59,4648708,Simulated
SENSEX,2025-10-28,12:05:00,81659.67,81657.45,81656.58,81657.44,5199044,Simulated
SENSEX,2025-10-28,12:06:00,81627.93,81631.11,81608.01,81626.54,4404546,Simulated
SENSEX,2025-10-28,12:07:00,81570.58,81584.40,81569.83,81572.31,2972424,Simulated
SENSEX,2025-10-28,12:08:00,81614.55,81606.82,81599.10,81605.45,5666482,Simulated
SENSEX,2025-10-28,12:09:00,81516.54,81536.21,81518.00,81525.30,1535711,Simulated
SENSEX,2025-10-28,12:10:00,81322.06,81334.90,81312.84,81319.76,5922107,Simulated
SENSEX,2025-10-28,12:11:00,81504.94,81523.11,81501.04,81503.82,4602060,Simulated
SENSEX,2025-10-28,12:12:00,81502.95,81507.16,81496.73,81506.54,4489000,Simulated
SENSEX,2025-10-28,12:13:00,81665.14,81677.17,81647.15,81663.73,2573102,Simulated
SENSEX,2025-10-28,12:14:00,81698.64,81710.58,81692.17,81693.66,1841264,Simulated
SENSEX,2025-10-28,12:15:00,81662.61,81668.67,81645.64,81661.61,4109077,Simulated
SENSEX,2025-10-28,12:16:00,81622.58,81634.69,81614.97,81623.13,4287161,Simulated
SENSEX,2025-10-28,12:17:00,81747.80,81748.64,81738.85,81742.02,5214871,Simulated
SENSEX,2025-10-28,12:18:00,81956.31,81972.40,81953.45,81967.37,2742932,Simulated
SENSEX,2025-10-28,12:19:00,81953.74,81962.58,81930.94,81951.05,4873688,Simulated
SENSEX,2025-10-28,12:20:00,82013.40,82028.72,82003.02,82015.18,1404720,Simulated
SENSEX,2025-10-28,12:21:00,82042.72,82049.24,82042.01,82042.40,5548900,Simulated
SENSEX,2025-10-28,12:22:00,82064.91,82059.60,82047.49,82055.72,4705247,Simulated
SENSEX,2025-10-28,12:23:00,82175.46,82183.62,82158.11,82181.31,5921438,Simulated
SENSEX,2025-10-28,12:24:00,82177.08,82185.94,82162.08,82178.29,1678554,Simulated
SENSEX,2025-10-28,12:25:00,82299.99,82313.20,82277.00,82300.50,5297051,Simulated
SENSEX,2025-10-28,12:26:00,82358.39,82377.38,82361.78,82364.92,2689959,Simulated
SENSEX,2025-10-28,12:27:00,82400.04,82442.96,82398.73,82408.22,4138820,Simulated
SENSEX,2025-10-28,12:28:00,82513.01,82519.42,82511.67,82517.24,3876355,Simulated
SENSEX,2025-10-28,12:29:00,82457.67,82460.30,82452.91,82460.06,2925199,Simulated
SENSEX,2025-10-28,12:30:00,82533.81,82536.95,82524.40,82534.93,5357773,Simulated
SENSEX,2025-10-28,12:31:00,82622.60,82624.63,82593.79,82615.28,1001273,Simulated
SENSEX,2025-10-28,12:32:00,82598.12,82613.89,82595.02,82600.07,1349935,Simulated
SENSEX,2025-10-28,12:33:00,82590.21,82613.77,82595.57,82599.19,1099430,Simulated
SENSEX,2025-10-28,12:34:00,82629.03,82635.60,82607.35,82625.94,3194269,Simulated
SENSEX,2025-10-28,12:35:00,82577.71,82585.39,82570.07,82578.14,1967763,Simulated
SENSEX,2025-10-28,12:36:00,82579.57,82584.50,82571.06,82580.06,5101292,Simulated
SENSEX,2025-10-28,12:37:00,82545.01,82542.48,82533.11,82534.44,5626529,Simulated
SENSEX,2025-10-28,12:38:00,82544.33,82555.39,82532.19,82545.18,2207435,Simulated
SENSEX,2025-10-28,12:39:00,82475.43,82475.69,82471.72,82473.84,4267817,Simulated
SENSEX,2025-10-28,12:40:00,82599.96,82604.80,82580.38,82598.45,1448527,Simulated
SENSEX,2025-10-28,12:41:00,82571.57,82591.26,82559.73,82567.96,3667879,Simulated
SENSEX,2025-10-28,12:42:00,82636.66,82648.87,82631.19,82641.82,3922695,Simulated
SENSEX,2025-10-28,12:43:00,82500.44,82520.78,82494.92,82499.64,5943527,Simulated
SENSEX,2025-10-28,12:44:00,82484.54,82488.91,82465.39,82482.68,4407697,Simulated
SENSEX,2025-10-28,12:45:00,82578.39,82602.17,82558.77,82583.52,1214618,Simulated
SENSEX,2025-10-28,12:46:00,82567.61,82570.51,82561.48,82562.32,2604265,Simulated
SENSEX,2025-10-28,12:47:00,82511.54,82514.96,82492.05,82502.67,5726983,Simulated
SENSEX,2025-10-28,12:48:00,82466.81,82472.02,82454.93,82468.09,3037729,Simulated
SENSEX,2025-10-28,12:49:00,82450.34,82451.75,82440.35,82448.85,1237011,Simulated
SENSEX,2025-10-28,12:50:00,82578.05,82592.79,82569.86,82581.93,5270907,Simulated
SENSEX,2025-10-28,12:51:00,82591.29,82593.60,82580.25,82590.07,2646184,Simulated
SENSEX,2025-10-28,12:52:00,82606.42,82607.71,82594.07,82603.52,4956586,Simulated
SENSEX,2025-10-28,12:53:00,82627.19,82628.93,82624.43,82627.29,1479242,Simulated
SENSEX,2025-10-28,12:54:00,82578.95,82589.83,82572.45,82583.88,2110482,Simulated
SENSEX,2025-10-28,12:55:00,82532.69,82541.57,82534.59,82536.19,4692570,Simulated
SENSEX,2025-10-28,12:56:00,82453.48,82456.42,82453.06,82455.19,1003776,Simulated
SENSEX,2025-10-28,12:57:00,82353.12,82363.31,82341.66,82352.11,1299219,Simulated
SENSEX,2025-10-28,12:58:00,82285.00,82286.74,82284.02,82286.07,1474915,Simulated
SENSEX,2025-10-28,12:59:00,82233.38,82246.11,82223.05,82231.32,2843165,Simulated
SENSEX,2025-10-28,13:00:00,82286.07,82287.17,82279.58,82279.77,2562264,Simulated
SENSEX,2025-10-28,13:01:00,82288.04,82314.94,82276.18,82286.83,3086068,Simulated
SENSEX,2025-10-28,13:02:00,82312.72,82326.02,82311.90,82317.14,5823566,Simulated
SENSEX,2025-10-28,13:03:00,82344.10,82360.66,82341.13,82342.01,5052251,Simulated
SENSEX,2025-10-28,13:04:00,82495.99,82505.00,82488.57,82498.10,4441000,Simulated
SENSEX,2025-10-28,13:05:00,82519.21,82527.82,82512.73,82515.87,4533053,Simulated
SENSEX,2025-10-28,13:06:00,82557.32,82559.84,82553.49,82556.65,3801567,Simulated
SENSEX,2025-10-28,13:07:00,82700.57,82704.35,82697.56,82698.03,3078653,Simulated
SENSEX,2025-10-28,13:08:00,82691.80,82721.06,82687.70,82695.34,5516479,Simulated
SENSEX,2025-10-28,13:09:00,82814.76,82836.62,82805.17,82819.32,3001437,Simulated
SENSEX,2025-10-28,13:10:00,82822.64,82832.18,82815.22,82829.98,1465958,Simulated
SENSEX,2025-10-28,13:11:00,82831.96,82843.52,82818.86,82836.50,5474940,Simulated
SENSEX,2025-10-28,13:12:00,82889.08,82896.56,82879.14,82887.51,1179324,Simulated
SENSEX,2025-10-28,13:13:00,82798.47,82818.72,82796.31,82802.93,5011936,Simulated
SENSEX,2025-10-28,13:14:00,82735.68,82732.62,82723.40,82726.25,1741574,Simulated
SENSEX,2025-10-28,13:15:00,82756.16,82772.76,82758.38,82768.55,4800578,Simulated
SENSEX,2025-10-28,13:16:00,82746.87,82748.78,82737.20,82745.80,1143382,Simulated
SENSEX,2025-10-28,13:17:00,82639.29,82654.80,82620.78,82632.94,4340639,Simulated
SENSEX,2025-10-28,13:18:00,82657.80,82662.72,82658.29,82658.34,1373635,Simulated
SENSEX,2025-10-28,13:19:00,82777.44,82786.61,82761.31,82775.11,1680449,Simulated
SENSEX,2025-10-28,13:20:00,82740.44,82743.40,82731.74,82736.06,5975676,Simulated
SENSEX,2025-10-28,13:21:00,82710.00,82727.47,82708.44,82714.08,5263366,Simulated
SENSEX,2025-10-28,13:22:00,82780.60,82774.21,82765.06,82770.00,1213843,Simulated
SENSEX,2025-10-28,13:23:00,82601.93,82613.68,82602.33,82603.71,3231901,Simulated
SENSEX,2025-10-28,13:24:00,82625.05,82624.68,82612.71,82623.76,4956774,Simulated
SENSEX,2025-10-28,13:25:00,82683.32,82690.61,82684.65,82685.84,5676270,Simulated
SENSEX,2025-10-28,13:26:00,82709.36,82716.00,82685.57,82697.69,4899628,Simulated
SENSEX,2025-10-28,13:27:00,82678.09,82679.78,82667.75,82675.53,1334919,Simulated
SENSEX,2025-10-28,13:28:00,82548.71,82559.22,82530.74,82549.04,2301470,Simulated
SENSEX,2025-10-28,13:29:00,82502.99,82503.79,82476.77,82498.01,2414538,Simulated
SENSEX,2025-10-28,13:30:00,82500.08,82520.15,82494.07,82502.28,2695435,Simulated
SENSEX,2025-10-28,13:31:00,82363.06,82372.84,82346.89,82364.36,4818918,Simulated
SENSEX,2025-10-28,13:32:00,82336.25,82349.18,82329.31,82336.67,4806852,Simulated
SENSEX,2025-10-28,13:33:00,82541.19,82552.45,82534.18,82541.14,5013725,Simulated
SENSEX,2025-10-28,13:34:00,82522.39,82528.84,82521.66,82525.35,3439186,Simulated
SENSEX,2025-10-28,13:35:00,82470.44,82482.10,82466.93,82470.03,4322109,Simulated
SENSEX,2025-10-28,13:36:00,82356.01,82375.12,82352.27,82357.77,2510364,Simulated
SENSEX,2025-10-28,13:37:00,82567.15,82563.17,82554.71,82559.58,5362342,Simulated
SENSEX,2025-10-28,13:38:00,82723.20,82737.60,82723.06,82725.74,3942553,Simulated
SENSEX,2025-10-28,13:39:00,82718.01,82732.41,82716.08,82720.41,1384858,Simulated
SENSEX,2025-10-28,13:40:00,82654.62,82662.65,82644.27,82645.35,3209892,Simulated
SENSEX,2025-10-28,13:41:00,82461.20,82468.58,82455.37,82460.41,1760668,Simulated
SENSEX,2025-10-28,13:42:00,82568.47,82563.11,82553.02,82559.71,2999811,Simulated
SENSEX,2025-10-28,13:43:00,82506.60,82512.75,82498.76,82512.34,1174174,Simulated
SENSEX,2025-10-28,13:44:00,82545.93,82553.17,82547.55,82550.61,4356691,Simulated
SENSEX,2025-10-28,13:45:00,82671.44,82674.68,82654.05,82669.45,3610469,Simulated
SENSEX,2025-10-28,13:46:00,82754.01,82766.12,82751.26,82754.37,5392468,Simulated
SENSEX,2025-10-28,13:47:00,82666.74,82665.43,82647.21,82662.51,4219851,Simulated
SENSEX,2025-10-28,13:48:00,82717.06,82724.54,82712.89,82718.63,1895361,Simulated
SENSEX,2025-10-28,13:49:00,82754.90,82770.24,82750.95,82763.04,5240606,Simulated
SENSEX,2025-10-28,13:50:00,82721.00,82723.24,82710.03,82715.90,4119513,Simulated
SENSEX,2025-10-28,13:51:00,82745.21,82750.56,82747.33,82748.56,4175922,Simulated
SENSEX,2025-10-28,13:52:00,82826.23,82829.22,82803.43,82823.36,5711984,Simulated
SENSEX,2025-10-28,13:53:00,82735.56,82756.64,82735.58,82743.11,4652462,Simulated
SENSEX,2025-10-28,13:54:00,82732.12,82727.98,82709.67,82724.42,4471302,Simulated
SENSEX,2025-10-28,13:55:00,82770.00,82772.21,82736.68,82765.54,1868034,Simulated
SENSEX,2025-10-28,13:56:00,82840.50,82864.51,82835.44,82847.59,3695083,Simulated
SENSEX,2025-10-28,13:57:00,82644.78,82652.88,82633.12,82648.48,3952977,Simulated
SENSEX,2025-10-28,13:58:00,82654.24,82663.23,82649.62,82656.36,5792315,Simulated
SENSEX,2025-10-28,13:59:00,82600.42,82600.73,82593.03,82596.02,4702022,Simulated
SENSEX,2025-10-28,14:00:00,82566.49,82568.06,82545.81,82561.63,3375235,Simulated
SENSEX,2025-10-28,14:01:00,82625.95,82631.94,82619.31,82625.88,5086488,Simulated
SENSEX,2025-10-28,14:02:00,82510.85,82506.19,82491.08,82503.28,2081029,Simulated
SENSEX,2025-10-28,14:03:00,82524.56,82532.36,82517.38,82525.57,5918502,Simulated
SENSEX,2025-10-28,14:04:00,82556.24,82572.61,82545.96,82562.21,1506351,Simulated
SENSEX,2025-10-28,14:05:00,82615.65,82624.37,82609.75,82620.75,3494523,Simulated
SENSEX,2025-10-28,14:06:00,82652.69,82660.95,82653.67,82655.31,4540307,Simulated
SENSEX,2025-10-28,14:07:00,82771.56,82780.84,82764.93,82770.36,1971797,Simulated
SENSEX,2025-10-28,14:08:00,82792.57,82812.64,82790.42,82791.13,4225385,Simulated
SENSEX,2025-10-28,14:09:00,82809.31,82821.37,82801.93,82807.88,1836414,Simulated
SENSEX,2025-10-28,14:10:00,82854.15,82862.07,82848.09,82857.26,3713604,Simulated
SENSEX,2025-10-28,14:11:00,82867.48,82872.77,82861.48,82869.32,2203462,Simulated
SENSEX,2025-10-28,14:12:00,82852.94,82857.36,82845.23,82856.85,5137832,Simulated
SENSEX,2025-10-28,14:13:00,82843.45,82839.85,82836.33,82837.76,3389955,Simulated
SENSEX,2025-10-28,14:14:00,82909.92,82920.02,82912.05,82914.07,4624914,Simulated
SENSEX,2025-10-28,14:15:00,82734.14,82753.36,82722.13,82740.70,3778458,Simulated
SENSEX,2025-10-28,14:16:00,82673.44,82683.55,82662.91,82672.74,1581762,Simulated
SENSEX,2025-10-28,14:17:00,82715.18,82721.96,82703.72,82713.08,4284274,Simulated
SENSEX,2025-10-28,14:18:00,82680.47,82686.19,82655.43,82677.88,5141427,Simulated
SENSEX,2025-10-28,14:19:00,82722.66,82740.45,82714.50,82725.22,3792312,Simulated
SENSEX,2025-10-28,14:20:00,82715.40,82715.76,82705.11,82714.82,2062910,Simulated
SENSEX,2025-10-28,14:21:00,82779.65,82778.99,82773.07,82776.62,3757010,Simulated
SENSEX,2025-10-28,14:22:00,82715.20,82708.95,82697.40,82706.98,4572244,Simulated
SENSEX,2025-10-28,14:23:00,82723.64,82723.32,82718.43,82719.80,2130745,Simulated
SENSEX,2025-10-28,14:24:00,82880.13,82881.11,82872.80,82873.50,2444540,Simulated
SENSEX,2025-10-28,14:25:00,82818.10,82838.80,82798.11,82820.17,2668106,Simulated
SENSEX,2025-10-28,14:26:00,82808.39,82803.60,82784.87,82801.13,4365599,Simulated
SENSEX,2025-10-28,14:27:00,82830.16,82837.12,82819.33,82829.76,5784805,Simulated
SENSEX,2025-10-28,14:28:00,82775.47,82783.86,82777.52,82778.67,3908330,Simulated
SENSEX,2025-10-28,14:29:00,82872.44,82884.46,82869.09,82870.03,4840826,Simulated
SENSEX,2025-10-28,14:30:00,82884.09,82884.04,82871.65,82882.52,1253888,Simulated
SENSEX,2025-10-28,14:31:00,82834.29,82842.74,82826.53,82830.28,1076564,Simulated
SENSEX,2025-10-28,14:32:00,82853.77,82860.90,82846.40,82853.38,2712864,Simulated
SENSEX,2025-10-28,14:33:00,82923.21,82945.68,82913.06,82926.20,5714285,Simulated
SENSEX,2025-10-28,14:34:00,82985.08,82999.88,82994.66,82994.67,2127045,Simulated
SENSEX,2025-10-28,14:35:00,83060.50,83065.18,83044.97,83060.62,4511471,Simulated
SENSEX,2025-10-28,14:36:00,82976.79,82978.35,82955.69,82973.79,3443524,Simulated
SENSEX,2025-10-28,14:37:00,82927.82,82941.63,82928.05,82935.76,1766601,Simulated
SENSEX,2025-10-28,14:38:00,82935.39,82931.92,82924.85,82928.57,3246849,Simulated
SENSEX,2025-10-28,14:39:00,83018.44,83020.40,83001.79,83019.04,5216422,Simulated
SENSEX,2025-10-28,14:40:00,83150.77,83154.44,83142.79,83146.00,4909221,Simulated
SENSEX,2025-10-28,14:41:00,83136.91,83165.53,83135.67,83137.51,3031733,Simulated
SENSEX,2025-10-28,14:42:00,82980.28,82992.50,82955.97,82981.38,5984810,Simulated
SENSEX,2025-10-28,14:43:00,82898.15,82912.24,82895.61,82899.67,1708303,Simulated
SENSEX,2025-10-28,14:44:00,82897.72,82906.02,82889.24,82895.34,5328705,Simulated
SENSEX,2025-10-28,14:45:00,82943.14,82938.40,82936.52,82936.85,1021066,Simulated
SENSEX,2025-10-28,14:46:00,82993.39,82993.23,82990.82,82993.08,4768350,Simulated
SENSEX,2025-10-28,14:47:00,82928.47,82920.27,82918.98,82919.66,2406928,Simulated
SENSEX,2025-10-28,14:48:00,83016.68,83012.52,83007.67,83012.37,2475091,Simulated
SENSEX,2025-10-28,14:49:00,82860.80,82874.85,82853.25,82865.74,4078790,Simulated
SENSEX,2025-10-28,14:50:00,82984.37,82982.15,82973.98,82982.13,4143387,Simulated
SENSEX,2025-10-28,14:51:00,82967.66,82981.87,82960.35,82967.66,4453094,Simulated
SENSEX,2025-10-28,14:52:00,82895.45,82901.22,82893.99,82900.80,4905156,Simulated
SENSEX,2025-10-28,14:53:00,82873.11,82877.38,82864.59,82871.01,3905434,Simulated
SENSEX,2025-10-28,14:54:00,82918.00,82925.06,82908.83,82914.05,5411204,Simulated
SENSEX,2025-10-28,14:55:00,82876.89,82879.95,82859.87,82868.64,5993401,Simulated
SENSEX,2025-10-28,14:56:00,82966.75,82968.68,82953.60,82968.43,1806386,Simulated
SENSEX,2025-10-28,14:57:00,82904.83,82920.26,82904.26,82911.45,4048910,Simulated
SENSEX,2025-10-28,14:58:00,82823.83,82835.93,82816.72,82819.32,3441705,Simulated
SENSEX,2025-10-28,14:59:00,82708.89,82718.90,82697.26,82711.73,4388421,Simulated
SENSEX,2025-10-28,15:00:00,82518.34,82524.42,82501.49,82515.75,1341118,Simulated
SENSEX,2025-10-28,15:01:00,82496.34,82506.30,82497.58,82498.80,1084411,Simulated
SENSEX,2025-10-28,15:02:00,82462.17,82467.98,82450.96,82461.90,3170131,Simulated
SENSEX,2025-10-28,15:03:00,82338.02,82332.80,82326.69,82330.39,2542316,Simulated
SENSEX,2025-10-28,15:04:00,82206.31,82214.48,82208.42,82208.63,5235904,Simulated
SENSEX,2025-10-28,15:05:00,82092.87,82095.79,82072.61,82086.70,2762829,Simulated
SENSEX,2025-10-28,15:06:00,82026.98,82047.14,82017.13,82034.54,3181852,Simulated
SENSEX,2025-10-28,15:07:00,82098.63,82107.88,82085.87,82089.96,4429432,Simulated
SENSEX,2025-10-28,15:08:00,82123.29,82117.78,82100.40,82112.94,4103034,Simulated
SENSEX,2025-10-28,15:09:00,82083.95,82089.84,82070.50,82074.53,2368632,Simulated
SENSEX,2025-10-28,15:10:00,82134.11,82138.96,82127.84,82132.75,1447027,Simulated
SENSEX,2025-10-28,15:11:00,82080.54,82115.22,82084.09,82086.40,4037067,Simulated
SENSEX,2025-10-28,15:12:00,82134.50,82149.02,82133.78,82141.50,4461939,Simulated
SENSEX,2025-10-28,15:13:00,82096.28,82123.87,82090.63,82094.57,1675332,Simulated
SENSEX,2025-10-28,15:14:00,81991.37,81998.65,81993.97,81998.42,5345942,Simulated
SENSEX,2025-10-28,15:15:00,81894.90,81887.66,81883.34,81885.01,1809762,Simulated
SENSEX,2025-10-28,15:16:00,81788.39,81794.48,81783.40,81784.77,2144669,Simulated
SENSEX,2025-10-28,15:17:00,81817.45,81827.73,81818.57,81825.04,5141747,Simulated
SENSEX,2025-10-28,15:18:00,81904.70,81901.33,81891.13,81900.23,2399429,Simulated
SENSEX,2025-10-28,15:19:00,81900.26,81907.57,81888.90,81899.70,3820278,Simulated
SENSEX,2025-10-28,15:20:00,81767.64,81779.25,81761.93,81774.00,3861769,Simulated
SENSEX,2025-10-28,15:21:00,81735.80,81749.98,81738.89,81748.07,2018243,Simulated
SENSEX,2025-10-28,15:22:00,81766.19,81771.79,81761.68,81767.23,1900407,Simulated
SENSEX,2025-10-28,15:23:00,81818.62,81831.91,81809.99,81816.08,4282459,Simulated
SENSEX,2025-10-28,15:24:00,81928.13,81937.19,81924.86,81929.86,3458697,Simulated
SENSEX,2025-10-28,15:25:00,81857.89,81877.98,81858.49,81861.81,3930731,Simulated
SENSEX,2025-10-28,15:26:00,81888.20,81895.59,81886.96,81895.08,4956259,Simulated
SENSEX,2025-10-28,15:27:00,82036.71,82036.50,82026.33,82032.64,5082443,Simulated
SENSEX,2025-10-28,15:28:00,81988.15,81988.20,81974.96,81981.78,3486359,Simulated
SENSEX,2025-10-28,15:29:00,81903.72,81898.39,81891.20,81898.37,1149452,Simulated
